Date,"Total Cases","New Cases","New Cases 7-Day Moving Average","Case Growth","Cases Growth 7DMA","Total Deaths","New Deaths","New Deaths 7DMA","Death Growth","Death Growth 7DMA","Total Recoveries","New Recoveries","Recovery Rate","Active Cases","Case Fatality Rate (CFR)","Adjusted CFR","Total Deaths per MM Population","Total Cases per MM Population","Active Cases per ICU Bed"
2021-07-16,1496328,5663,4982,0.38%,0.34%,26476,162,108,0.62%,0.42%,1421372,2516,94.99%,48480,1.77%,1.83%,241.61,13654.99
2021-07-15,1490665,5208,5011,0.35%,0.34%,26314,82,95,0.31%,0.37%,1418856,4039,95.18%,45495,1.77%,1.82%,240.13,13603.32
2021-07-14,1485457,3797,5050,0.26%,0.34%,26232,140,110,0.54%,0.43%,1414817,6183,95.24%,44408,1.77%,1.82%,239.38,13555.79
2021-07-13,1481660,3599,5118,0.24%,0.35%,26092,77,114,0.3%,0.44%,1408634,5716,95.07%,46934,1.76%,1.82%,238.11,13521.14
2021-07-12,1478061,5036,5188,0.34%,0.36%,26015,94,118,0.36%,0.46%,1402918,5515,94.92%,49128,1.76%,1.82%,237.4,13488.3
2021-07-11,1473025,5906,5237,0.4%,0.36%,25921,105,110,0.41%,0.43%,1397403,6068,94.87%,49701,1.76%,1.82%,236.55,13442.34
2021-07-10,1467119,5664,5243,0.39%,0.36%,25816,96,108,0.37%,0.42%,1391335,7502,94.83%,49968,1.76%,1.82%,235.59,13388.44
2021-07-09,1461455,5870,5277,0.4%,0.37%,25720,70,107,0.27%,0.42%,1383833,2934,94.69%,51902,1.76%,1.82%,234.71,13336.76
2021-07-08,1455585,5475,5321,0.38%,0.37%,25650,191,122,0.75%,0.48%,1380899,3767,94.87%,49036,1.76%,1.82%,234.07,13283.19
2021-07-07,1450110,4278,5364,0.3%,0.38%,25459,163,114,0.64%,0.45%,1377132,6209,94.97%,47519,1.76%,1.82%,232.33,13233.22
2021-07-06,1445832,4086,5396,0.28%,0.38%,25296,104,106,0.41%,0.42%,1370923,5963,94.82%,49613,1.75%,1.81%,230.84,13194.19
2021-07-05,1441746,5377,5451,0.37%,0.38%,25192,43,105,0.17%,0.42%,1364960,6448,94.67%,51594,1.75%,1.81%,229.89,13156.9
2021-07-04,1436369,5950,5482,0.42%,0.39%,25149,86,111,0.34%,0.45%,1358512,6821,94.58%,52708,1.75%,1.82%,229.5,13107.83
2021-07-03,1430419,5901,5501,0.41%,0.39%,25063,90,117,0.36%,0.48%,1351691,7628,94.5%,53665,1.75%,1.82%,228.72,13053.53
2021-07-02,1424518,6181,5638,0.44%,0.4%,24973,176,117,0.71%,0.48%,1344063,2090,94.35%,55482,1.75%,1.82%,227.9,12999.68
2021-07-01,1418337,5778,5725,0.41%,0.41%,24797,135,109,0.55%,0.45%,1341973,2725,94.62%,51567,1.75%,1.81%,226.29,12943.27
2021-06-30,1412559,4501,5761,0.32%,0.42%,24662,105,105,0.43%,0.43%,1339248,5784,94.81%,48649,1.75%,1.81%,225.06,12890.55
2021-06-29,1408058,4470,5738,0.32%,0.42%,24557,101,107,0.41%,0.44%,1333464,6361,94.7%,50037,1.74%,1.81%,224.1,12849.47
2021-06-28,1403588,5596,5621,0.4%,0.41%,24456,84,101,0.34%,0.42%,1327103,6053,94.55%,52029,1.74%,1.81%,223.18,12808.68
2021-06-27,1397992,6081,5568,0.44%,0.41%,24372,128,107,0.53%,0.45%,1321050,6830,94.5%,52570,1.74%,1.81%,222.41,12757.61
2021-06-26,1391911,6858,5527,0.5%,0.4%,24244,92,101,0.38%,0.42%,1314220,8612,94.42%,53447,1.74%,1.81%,221.24,12702.12
2021-06-25,1385053,6793,5540,0.49%,0.41%,24152,116,110,0.48%,0.46%,1305608,2794,94.26%,55293,1.74%,1.82%,220.4,12639.54
2021-06-24,1378260,6028,5543,0.44%,0.41%,24036,108,109,0.45%,0.46%,1302814,4372,94.53%,51410,1.74%,1.81%,219.34,12577.55
2021-06-23,1372232,4338,5629,0.32%,0.42%,23928,119,115,0.5%,0.49%,1298442,7053,94.62%,49862,1.74%,1.81%,218.36,12522.54
2021-06-22,1367894,3655,5780,0.27%,0.43%,23809,60,121,0.25%,0.52%,1291389,6746,94.41%,52696,1.74%,1.81%,217.27,12482.95
2021-06-21,1364239,5224,6027,0.38%,0.45%,23749,128,129,0.54%,0.56%,1284643,6928,94.17%,55847,1.74%,1.82%,216.73,12449.59
2021-06-20,1359015,5795,6197,0.43%,0.47%,23621,83,119,0.35%,0.51%,1277715,7472,94.02%,57679,1.74%,1.82%,215.56,12401.92
2021-06-19,1353220,6944,6410,0.52%,0.49%,23538,153,127,0.65%,0.55%,1270243,9128,93.87%,59439,1.74%,1.82%,214.8,12349.04
2021-06-18,1346276,6819,6561,0.51%,0.5%,23385,109,125,0.47%,0.55%,1261115,3341,93.67%,61776,1.74%,1.82%,213.4,12285.67
2021-06-17,1339457,6625,6539,0.5%,0.5%,23276,155,138,0.67%,0.61%,1257774,4233,93.9%,58407,1.74%,1.82%,212.41,12223.44
2021-06-16,1332832,5401,6659,0.41%,0.51%,23121,158,133,0.69%,0.59%,1253541,7136,94.05%,56170,1.73%,1.81%,210.99,12162.98
2021-06-15,1327431,5378,6665,0.41%,0.51%,22963,118,128,0.52%,0.57%,1246405,6293,93.9%,58063,1.73%,1.81%,209.55,12113.7
2021-06-14,1322053,6414,6578,0.49%,0.51%,22845,57,125,0.25%,0.56%,1240112,7126,93.8%,59096,1.73%,1.81%,208.48,12064.62
2021-06-13,1315639,7287,6594,0.56%,0.51%,22788,136,127,0.6%,0.57%,1232986,7627,93.72%,59865,1.73%,1.81%,207.96,12006.09
2021-06-12,1308352,8003,6583,0.62%,0.51%,22652,145,131,0.64%,0.59%,1225359,8862,93.66%,60341,1.73%,1.82%,206.71,11939.59
2021-06-11,1300349,6662,6430,0.51%,0.5%,22507,195,139,0.87%,0.63%,1216497,2043,93.55%,61345,1.73%,1.82%,205.39,11866.56
2021-06-10,1293687,7470,6541,0.58%,0.52%,22312,122,136,0.55%,0.63%,1214454,4427,93.88%,56921,1.72%,1.8%,203.61,11805.76
2021-06-09,1286217,5444,6500,0.43%,0.52%,22190,126,147,0.57%,0.68%,1210027,7770,94.08%,54000,1.73%,1.8%,202.5,11737.59
2021-06-08,1280773,4769,6472,0.37%,0.51%,22064,95,150,0.43%,0.7%,1202257,7076,93.87%,56452,1.72%,1.8%,201.35,11687.91
2021-06-07,1276004,6526,6529,0.51%,0.52%,21969,71,143,0.32%,0.67%,1195181,6938,93.67%,58854,1.72%,1.8%,200.48,11644.39
2021-06-06,1269478,7205,6550,0.57%,0.53%,21898,166,148,0.76%,0.7%,1188243,7245,93.6%,59337,1.72%,1.81%,199.83,11584.84
2021-06-05,1262273,6936,6527,0.55%,0.53%,21732,195,144,0.91%,0.68%,1180998,7992,93.56%,59543,1.72%,1.81%,198.32,11519.09
2021-06-04,1255337,7438,6598,0.6%,0.54%,21537,180,139,0.84%,0.66%,1173006,2254,93.44%,60794,1.72%,1.8%,196.54,11455.79
2021-06-03,1247899,7183,6781,0.58%,0.56%,21357,199,140,0.94%,0.67%,1170752,3326,93.82%,55790,1.71%,1.79%,194.9,11387.91
2021-06-02,1240716,5249,6677,0.42%,0.55%,21158,146,141,0.69%,0.69%,1167426,6174,94.09%,52132,1.71%,1.78%,193.08,11322.36
2021-06-01,1235467,5166,6685,0.42%,0.55%,21012,46,142,0.22%,0.7%,1161252,6207,93.99%,53203,1.7%,1.78%,191.75,11274.46
2021-05-31,1230301,6674,6514,0.55%,0.54%,20966,106,140,0.51%,0.69%,1155045,6035,93.88%,54290,1.7%,1.78%,191.33,11227.32
2021-05-30,1223627,7045,6259,0.58%,0.52%,20860,138,130,0.67%,0.64%,1149010,6764,93.9%,53757,1.7%,1.78%,190.36,11166.42
2021-05-29,1216582,7428,5481,0.61%,0.46%,20722,156,111,0.76%,0.55%,1142246,7428,93.89%,53614,1.7%,1.78%,189.1,11102.13
2021-05-28,1209154,8724,5393,0.73%,0.45%,20566,187,115,0.92%,0.57%,1134818,2876,93.85%,53770,1.7%,1.78%,187.68,11034.34
2021-05-27,1200430,6454,5039,0.54%,0.43%,20379,210,105,1.04%,0.53%,1131942,4172,94.29%,48109,1.7%,1.77%,185.97,10954.73
2021-05-26,1193976,5304,4986,0.45%,0.42%,20169,150,95,0.75%,0.48%,1127770,7318,94.45%,46037,1.69%,1.76%,184.06,10895.83
2021-05-25,1188672,3966,4898,0.33%,0.42%,20019,36,92,0.18%,0.47%,1120452,4646,94.26%,48201,1.68%,1.76%,182.69,10847.43
2021-05-24,1184706,4894,4969,0.41%,0.43%,19983,32,103,0.16%,0.53%,1115806,6580,94.18%,48917,1.69%,1.76%,182.36,10811.24
2021-05-23,1179812,1595,5121,0.14%,0.44%,19951,5,109,0.03%,0.56%,1109226,5281,94.02%,50635,1.69%,1.77%,182.07,10766.57
2021-05-22,1178217,6814,5719,0.58%,0.5%,19946,183,128,0.93%,0.66%,1103945,7836,93.7%,54326,1.69%,1.77%,182.02,10752.02
2021-05-21,1171403,6248,5705,0.54%,0.5%,19763,122,115,0.62%,0.6%,1096109,2507,93.57%,55531,1.69%,1.77%,180.35,10689.84
2021-05-20,1165155,6084,5776,0.52%,0.51%,19641,134,117,0.69%,0.61%,1093602,3989,93.86%,51912,1.69%,1.76%,179.24,10632.82
2021-05-19,1159071,4683,5816,0.41%,0.51%,19507,135,113,0.7%,0.59%,1089613,6888,94.01%,49951,1.68%,1.76%,178.01,10577.3
2021-05-18,1154388,4463,5834,0.39%,0.52%,19372,110,107,0.57%,0.57%,1082725,6297,93.79%,52291,1.68%,1.76%,176.78,10534.56
2021-05-17,1149925,5962,5871,0.52%,0.52%,19262,71,100,0.37%,0.53%,1076428,6560,93.61%,54235,1.68%,1.76%,175.78,10493.84
2021-05-16,1143963,5776,5996,0.51%,0.54%,19191,140,103,0.73%,0.55%,1069868,7441,93.52%,54904,1.68%,1.76%,175.13,10439.43
2021-05-15,1138187,6720,6191,0.59%,0.56%,19051,93,112,0.49%,0.6%,1062427,8904,93.34%,56709,1.67%,1.76%,173.85,10386.72
2021-05-14,1131467,6743,6226,0.6%,0.56%,18958,137,123,0.73%,0.66%,1053523,2880,93.11%,58986,1.68%,1.77%,173,10325.39
2021-05-13,1124724,6365,6365,0.57%,0.58%,18821,107,119,0.57%,0.65%,1050643,4212,93.41%,55260,1.67%,1.76%,171.75,10263.86
2021-05-12,1118359,4812,6401,0.43%,0.59%,18714,94,131,0.5%,0.72%,1046431,8256,93.57%,53214,1.67%,1.76%,170.78,10205.77
2021-05-11,1113547,4721,6522,0.43%,0.6%,18620,58,143,0.31%,0.79%,1038175,7808,93.23%,56752,1.67%,1.76%,169.92,10161.86
2021-05-10,1108826,6836,6657,0.62%,0.61%,18562,90,148,0.49%,0.82%,1030367,8143,92.92%,59897,1.67%,1.77%,169.39,10118.78
2021-05-09,1101990,7141,6715,0.65%,0.62%,18472,203,149,1.11%,0.83%,1022224,9020,92.76%,61294,1.68%,1.77%,168.57,10056.4
2021-05-08,1094849,6964,6885,0.64%,0.65%,18269,170,131,0.94%,0.74%,1013204,10044,92.54%,63376,1.67%,1.77%,166.72,9991.23
2021-05-07,1087885,7713,7204,0.71%,0.68%,18099,108,124,0.6%,0.7%,1003160,4149,92.21%,66626,1.66%,1.77%,165.17,9927.68
2021-05-06,1080172,6617,7348,0.62%,0.7%,17991,191,121,1.07%,0.69%,999011,5969,92.49%,63170,1.67%,1.77%,164.18,9857.29
2021-05-05,1073555,5663,7580,0.53%,0.73%,17800,178,110,1.01%,0.63%,993042,8832,92.5%,62713,1.66%,1.76%,162.44,9796.91
2021-05-04,1067892,5667,7753,0.53%,0.75%,17622,97,101,0.55%,0.59%,984210,8976,92.16%,66060,1.65%,1.76%,160.81,9745.23
2021-05-03,1062225,7242,7971,0.69%,0.78%,17525,94,96,0.54%,0.56%,975234,9154,91.81%,69466,1.65%,1.77%,159.93,9693.51
2021-05-02,1054983,8330,8209,0.8%,0.8%,17431,77,93,0.44%,0.54%,966080,9029,91.57%,71472,1.65%,1.77%,159.07,9627.43
2021-05-01,1046653,9193,8182,0.89%,0.81%,17354,120,97,0.7%,0.57%,957051,10733,91.44%,72248,1.66%,1.78%,158.37,9551.41
2021-04-30,1037460,8722,8246,0.85%,0.82%,17234,89,101,0.52%,0.6%,946318,4079,91.21%,73908,1.66%,1.79%,157.27,9467.52
2021-04-29,1028738,8243,8241,0.81%,0.83%,17145,114,111,0.67%,0.66%,942239,6544,91.59%,69354,1.67%,1.79%,156.46,9387.92
2021-04-28,1020495,6877,8313,0.68%,0.84%,17031,115,109,0.68%,0.66%,935695,10668,91.69%,67769,1.67%,1.79%,155.42,9312.7
2021-04-27,1013618,7190,8645,0.71%,0.88%,16916,63,111,0.37%,0.67%,925027,10075,91.26%,71675,1.67%,1.8%,154.37,9249.94
2021-04-26,1006428,8905,8669,0.89%,0.89%,16853,70,115,0.42%,0.7%,914952,11287,90.91%,74623,1.67%,1.81%,153.79,9184.33
2021-04-25,997523,8143,8770,0.82%,0.91%,16783,109,118,0.65%,0.72%,903665,20444,90.59%,77075,1.68%,1.82%,153.16,9103.07
2021-04-24,989380,9640,9047,0.98%,0.95%,16674,145,123,0.88%,0.76%,883221,22809,89.27%,89485,1.69%,1.85%,152.16,9028.75
2021-04-23,979740,8691,9253,0.9%,0.98%,16529,159,113,0.97%,0.7%,860412,13721,87.82%,102799,1.69%,1.88%,150.84,8940.78
2021-04-22,971049,8742,9538,0.91%,1.02%,16370,105,111,0.65%,0.7%,846691,17083,87.19%,107988,1.69%,1.9%,149.39,8861.47
2021-04-21,962307,9201,9918,0.97%,1.08%,16265,124,117,0.77%,0.74%,829608,19649,86.21%,116434,1.69%,1.92%,148.43,8781.7
2021-04-20,953106,7361,9760,0.78%,1.07%,16141,93,122,0.58%,0.78%,809959,21637,84.98%,127006,1.69%,1.95%,147.3,8697.73
2021-04-19,945745,9612,9931,1.03%,1.1%,16048,88,128,0.55%,0.83%,788322,9238,83.35%,141375,1.7%,2%,146.45,8630.56
2021-04-18,936133,10081,10181,1.09%,1.14%,15960,150,145,0.95%,0.94%,779084,72552,83.22%,141089,1.7%,2.01%,145.65,8542.84
2021-04-17,926052,11081,10406,1.21%,1.18%,15810,72,152,0.46%,1%,706532,775,76.3%,203710,1.71%,2.19%,144.28,8450.84
2021-04-16,914971,10686,10631,1.18%,1.22%,15738,144,174,0.92%,1.16%,705757,593,77.13%,193476,1.72%,2.18%,143.62,8349.72
2021-04-15,904285,11405,10846,1.28%,1.26%,15594,147,211,0.95%,1.43%,705164,778,77.98%,183527,1.72%,2.16%,142.31,8252.21
2021-04-14,892880,8097,10531,0.92%,1.24%,15447,161,198,1.05%,1.36%,704386,423,78.89%,173047,1.73%,2.15%,140.96,8148.13
2021-04-13,884783,8558,10289,0.98%,1.22%,15286,137,210,0.9%,1.46%,703963,338,79.56%,165534,1.73%,2.13%,139.49,8074.24
2021-04-12,876225,11357,10404,1.31%,1.25%,15149,204,245,1.37%,1.73%,703625,221,80.3%,157451,1.73%,2.11%,138.24,7996.14
2021-04-11,864868,11659,9974,1.37%,1.21%,14945,201,217,1.36%,1.55%,703404,55184,81.33%,146519,1.73%,2.08%,136.38,7892.5
2021-04-10,853209,12655,9881,1.51%,1.22%,14744,224,189,1.54%,1.35%,648220,537,75.97%,190245,1.73%,2.22%,134.55,7786.1
2021-04-09,840554,12188,9865,1.47%,1.23%,14520,401,171,2.84%,1.24%,647683,715,77.05%,178351,1.73%,2.19%,132.5,7670.62
2021-04-08,828366,9202,10310,1.12%,1.31%,14119,60,117,0.43%,0.86%,646968,564,78.1%,167279,1.7%,2.14%,128.85,7559.39
2021-04-07,819164,6404,10268,0.79%,1.32%,14059,242,109,1.75%,0.8%,646404,23,78.91%,158701,1.72%,2.13%,128.3,7475.42
2021-04-06,812760,9362,10226,1.17%,1.33%,13817,382,89,2.84%,0.67%,646381,144,79.53%,152562,1.7%,2.09%,126.09,7416.98
2021-04-05,803398,8347,10215,1.05%,1.34%,13435,10,36,0.07%,0.27%,646237,137,80.44%,143726,1.67%,2.04%,122.6,7331.54
2021-04-04,795051,11008,10451,1.4%,1.39%,13425,2,36,0.01%,0.27%,646100,41195,81.27%,135526,1.69%,2.04%,122.51,7255.37
2021-04-03,784043,12546,10229,1.63%,1.38%,13423,103,38,0.77%,0.28%,604905,537,77.15%,165715,1.71%,2.17%,122.49,7154.92
2021-04-02,771497,15298,9806,2.02%,1.34%,13320,17,24,0.13%,0.19%,604368,420,78.34%,153809,1.73%,2.16%,121.55,7040.43
2021-04-01,756199,8911,9022,1.19%,1.25%,13303,6,30,0.05%,0.23%,603948,202,79.87%,138948,1.76%,2.16%,121.4,6900.82
2021-03-31,747288,6107,8997,0.82%,1.27%,13297,106,37,0.8%,0.28%,603746,436,80.79%,130245,1.78%,2.15%,121.34,6819.5
2021-03-30,741181,9287,9075,1.27%,1.29%,13191,5,28,0.04%,0.22%,603310,97,81.4%,124680,1.78%,2.14%,120.38,6763.77
2021-03-29,731894,10002,8586,1.39%,1.23%,13186,16,31,0.12%,0.23%,603213,59,82.42%,115495,1.8%,2.14%,120.33,6679.02
2021-03-28,721892,9450,8300,1.33%,1.21%,13170,11,29,0.08%,0.22%,603154,21993,83.55%,105568,1.82%,2.14%,120.19,6587.75
2021-03-27,712442,9586,8055,1.36%,1.18%,13159,10,33,0.08%,0.25%,581161,472,81.57%,118122,1.85%,2.21%,120.08,6501.51
2021-03-26,702856,9808,7827,1.42%,1.17%,13149,54,36,0.41%,0.27%,580689,627,82.62%,109018,1.87%,2.21%,119.99,6414.03
2021-03-25,693048,8737,7438,1.28%,1.12%,13095,56,30,0.43%,0.23%,580062,544,83.7%,99891,1.89%,2.21%,119.5,6324.53
2021-03-24,684311,6658,6945,0.98%,1.06%,13039,47,25,0.36%,0.19%,579518,1057,84.69%,91754,1.91%,2.2%,118.99,6244.8
2021-03-23,677653,5861,6619,0.87%,1.01%,12992,20,21,0.15%,0.16%,578461,611,85.36%,86200,1.92%,2.2%,118.56,6184.04
2021-03-22,671792,7998,6414,1.2%,0.99%,12972,4,19,0.03%,0.15%,577850,96,86.02%,80970,1.93%,2.2%,118.38,6130.55
2021-03-21,663794,7738,6042,1.18%,0.94%,12968,38,20,0.29%,0.15%,577754,15270,87.04%,73072,1.95%,2.2%,118.34,6057.56
2021-03-20,656056,7990,5635,1.23%,0.89%,12930,30,23,0.23%,0.18%,562484,582,85.74%,80642,1.97%,2.25%,117.99,5986.95
2021-03-19,648066,7082,5207,1.1%,0.83%,12900,13,29,0.1%,0.23%,561902,372,86.7%,73264,1.99%,2.24%,117.72,5914.04
2021-03-18,640984,5286,4848,0.83%,0.78%,12887,21,40,0.16%,0.31%,561530,431,87.6%,66567,2.01%,2.24%,117.6,5849.41
2021-03-17,635698,4378,4627,0.69%,0.75%,12866,18,46,0.14%,0.36%,561099,363,88.27%,61733,2.02%,2.24%,117.41,5801.17
2021-03-16,631320,4427,4413,0.71%,0.72%,12848,11,46,0.09%,0.36%,560736,159,88.82%,57736,2.04%,2.24%,117.25,5761.22
2021-03-15,626893,5395,4161,0.87%,0.68%,12837,8,45,0.06%,0.36%,560577,65,89.42%,53479,2.05%,2.24%,117.15,5720.82
2021-03-14,621498,4887,3869,0.79%,0.64%,12829,63,45,0.49%,0.35%,560512,13346,90.19%,48157,2.06%,2.24%,117.07,5671.59
2021-03-13,616611,4993,3639,0.82%,0.6%,12766,72,43,0.57%,0.34%,547166,254,88.74%,56679,2.07%,2.28%,116.5,5626.99
2021-03-12,611618,4570,3416,0.75%,0.57%,12694,86,39,0.68%,0.31%,546912,241,89.42%,52012,2.08%,2.27%,115.84,5581.42
2021-03-11,607048,3740,3197,0.62%,0.54%,12608,63,29,0.5%,0.23%,546671,378,90.05%,47769,2.08%,2.25%,115.06,5539.72
2021-03-10,603308,2880,3012,0.48%,0.51%,12545,17,22,0.14%,0.18%,546293,215,90.55%,44470,2.08%,2.24%,114.48,5505.59
2021-03-09,600428,2665,2855,0.45%,0.48%,12528,7,23,0.06%,0.18%,546078,166,90.95%,41822,2.09%,2.24%,114.33,5479.31
2021-03-08,597763,3351,2769,0.56%,0.47%,12521,5,28,0.04%,0.23%,545912,59,91.33%,39330,2.09%,2.24%,114.26,5454.99
2021-03-07,594412,3274,2580,0.55%,0.44%,12516,51,28,0.41%,0.23%,545853,10503,91.83%,36043,2.11%,2.24%,114.22,5424.41
2021-03-06,591138,3434,2413,0.58%,0.42%,12465,42,25,0.34%,0.2%,535350,143,90.56%,43323,2.11%,2.28%,113.75,5394.53
2021-03-05,587704,3037,2340,0.52%,0.41%,12423,19,25,0.15%,0.2%,535207,170,91.07%,40074,2.11%,2.27%,113.37,5363.19
2021-03-04,584667,2444,2284,0.42%,0.4%,12404,15,29,0.12%,0.24%,535037,259,91.51%,37226,2.12%,2.27%,113.19,5335.48
2021-03-03,582223,1781,2258,0.31%,0.4%,12389,20,37,0.16%,0.3%,534778,315,91.85%,35056,2.13%,2.26%,113.06,5313.17
2021-03-02,580442,2061,2225,0.36%,0.39%,12369,47,37,0.38%,0.31%,534463,112,92.08%,33610,2.13%,2.26%,112.88,5296.92
2021-03-01,578381,2029,2132,0.35%,0.38%,12322,4,33,0.03%,0.27%,534351,80,92.39%,31708,2.13%,2.25%,112.45,5278.11
2021-02-28,576352,2105,2169,0.37%,0.38%,12318,29,33,0.24%,0.27%,534271,9406,92.7%,29763,2.14%,2.25%,112.41,5259.6
2021-02-27,574247,2920,2137,0.51%,0.38%,12289,42,32,0.34%,0.26%,524865,283,91.4%,37093,2.14%,2.29%,112.15,5240.39
2021-02-26,571327,2647,2038,0.47%,0.36%,12247,46,60,0.38%,0.5%,524582,540,91.82%,34498,2.14%,2.28%,111.76,5213.74
2021-02-25,568680,2260,1931,0.4%,0.35%,12201,72,75,0.59%,0.64%,524042,721,92.15%,32437,2.15%,2.28%,111.34,5189.59
2021-02-24,566420,1555,1857,0.28%,0.33%,12129,22,79,0.18%,0.67%,523321,380,92.39%,30970,2.14%,2.27%,110.69,5168.96
2021-02-23,564865,1409,1803,0.25%,0.32%,12107,13,83,0.11%,0.71%,522941,67,92.58%,29817,2.14%,2.26%,110.48,5154.77
2021-02-22,563456,2287,1799,0.41%,0.32%,12094,6,82,0.05%,0.7%,522874,31,92.8%,28488,2.15%,2.26%,110.37,5141.91
2021-02-21,561169,1881,1713,0.34%,0.31%,12088,20,82,0.17%,0.7%,522843,9723,93.17%,26238,2.15%,2.26%,110.31,5121.04
2021-02-20,559288,2230,1719,0.4%,0.31%,12068,239,80,2.02%,0.69%,513120,331,91.75%,34100,2.16%,2.3%,110.13,5103.88
2021-02-19,557058,1895,1680,0.34%,0.3%,11829,156,48,1.34%,0.41%,512789,626,92.05%,32440,2.12%,2.25%,107.95,5083.53
2021-02-18,555163,1739,1697,0.31%,0.31%,11673,96,29,0.83%,0.25%,512163,130,92.25%,31327,2.1%,2.23%,106.52,5066.23
2021-02-17,553424,1178,1695,0.21%,0.31%,11577,53,25,0.46%,0.22%,512033,237,92.52%,29814,2.09%,2.21%,105.65,5050.36
2021-02-16,552246,1386,1717,0.25%,0.32%,11524,7,33,0.06%,0.29%,511796,41,92.68%,28926,2.09%,2.2%,105.16,5039.61
2021-02-15,550860,1684,1695,0.31%,0.31%,11517,2,41,0.02%,0.36%,511755,12,92.9%,27588,2.09%,2.2%,105.1,5026.97
2021-02-14,549176,1921,1695,0.35%,0.31%,11515,8,48,0.07%,0.43%,511743,10962,93.18%,25918,2.1%,2.2%,105.08,5011.6
2021-02-13,547255,1955,1676,0.36%,0.31%,11507,12,57,0.1%,0.5%,500781,127,91.51%,34967,2.1%,2.25%,105.01,4994.07
2021-02-12,545300,2018,1673,0.37%,0.31%,11495,26,62,0.23%,0.56%,500654,319,91.81%,33151,2.11%,2.24%,104.9,4976.23
2021-02-11,543282,1722,1655,0.32%,0.31%,11469,68,67,0.6%,0.6%,500335,364,92.09%,31478,2.11%,2.24%,104.66,4957.81
2021-02-10,541560,1333,1635,0.25%,0.31%,11401,105,66,0.93%,0.59%,499971,207,92.32%,30188,2.11%,2.23%,104.04,4942.1
2021-02-09,540227,1232,1625,0.23%,0.3%,11296,65,60,0.58%,0.55%,499764,-8,92.51%,29167,2.09%,2.21%,103.08,4929.93
2021-02-08,538995,1685,1675,0.31%,0.31%,11231,52,61,0.47%,0.55%,499772,-26,92.72%,27992,2.08%,2.2%,102.49,4918.69
2021-02-07,537310,1789,1670,0.33%,0.31%,11179,69,61,0.62%,0.56%,499798,11333,93.02%,26333,2.08%,2.19%,102.02,4903.31
2021-02-06,535521,1934,1715,0.36%,0.32%,11110,52,63,0.47%,0.58%,488465,191,91.21%,35946,2.07%,2.22%,101.39,4886.99
2021-02-05,533587,1888,1739,0.36%,0.33%,11058,61,65,0.55%,0.61%,488274,347,91.51%,34255,2.07%,2.21%,100.91,4869.34
2021-02-04,531699,1581,1732,0.3%,0.33%,10997,55,64,0.5%,0.59%,487927,206,91.77%,32775,2.07%,2.2%,100.35,4852.11
2021-02-03,530118,1265,1673,0.24%,0.32%,10942,68,66,0.63%,0.62%,487721,110,92%,31455,2.06%,2.19%,99.85,4837.68
2021-02-02,528853,1581,1812,0.3%,0.35%,10874,67,70,0.62%,0.66%,487611,37,92.2%,30368,2.06%,2.18%,99.23,4826.14
2021-02-01,527272,1654,1754,0.31%,0.34%,10807,58,74,0.54%,0.7%,487574,23,92.47%,28891,2.05%,2.17%,98.62,4811.71
2021-01-31,525618,2102,1714,0.4%,0.33%,10749,80,72,0.75%,0.69%,487551,11647,92.76%,27318,2.05%,2.16%,98.09,4796.62
2021-01-30,523516,2103,1691,0.4%,0.33%,10669,69,68,0.65%,0.66%,475904,139,90.91%,36943,2.04%,2.19%,97.36,4777.43
2021-01-29,521413,1838,1647,0.35%,0.32%,10600,48,66,0.45%,0.64%,475765,169,91.25%,35048,2.03%,2.18%,96.73,4758.24
2021-01-28,519575,1168,1694,0.23%,0.33%,10552,71,62,0.68%,0.6%,475596,54,91.54%,33427,2.03%,2.17%,96.29,4741.47
2021-01-27,518407,2241,1781,0.43%,0.35%,10481,95,63,0.91%,0.61%,475542,119,91.73%,32384,2.02%,2.16%,95.65,4730.81
2021-01-26,516166,1170,1726,0.23%,0.34%,10386,94,58,0.91%,0.57%,475423,1,92.11%,30357,2.01%,2.14%,94.78,4710.36
2021-01-25,514996,1377,1751,0.27%,0.35%,10292,50,55,0.49%,0.54%,475422,-190,92.32%,29282,2%,2.12%,93.92,4699.68
2021-01-24,513619,1940,1863,0.38%,0.37%,10242,52,50,0.51%,0.49%,475612,7726,92.6%,27765,1.99%,2.11%,93.47,4687.12
2021-01-23,511679,1792,1855,0.35%,0.37%,10190,54,44,0.53%,0.44%,467886,166,91.44%,33603,1.99%,2.13%,92.99,4669.41
2021-01-22,509887,2170,1892,0.43%,0.38%,10136,20,37,0.2%,0.37%,467720,245,91.73%,32031,1.99%,2.12%,92.5,4653.06
2021-01-21,507717,1778,1873,0.35%,0.37%,10116,74,54,0.74%,0.55%,467475,482,92.07%,30126,1.99%,2.12%,92.32,4633.26
2021-01-20,505939,1855,1891,0.37%,0.38%,10042,64,49,0.64%,0.5%,466993,744,92.3%,28904,1.98%,2.11%,91.64,4617.03
2021-01-19,504084,1348,1832,0.27%,0.37%,9978,69,61,0.7%,0.62%,466249,261,92.49%,27857,1.98%,2.1%,91.06,4600.1
2021-01-18,502736,2159,1857,0.43%,0.37%,9909,14,70,0.14%,0.73%,465988,-3,92.69%,26839,1.97%,2.08%,90.43,4587.8
2021-01-17,500577,1886,1841,0.38%,0.37%,9895,11,70,0.11%,0.73%,465991,5858,93.09%,24691,1.98%,2.08%,90.3,4568.1
2021-01-16,498691,2045,1842,0.41%,0.37%,9884,8,69,0.08%,0.73%,460133,396,92.27%,28674,1.98%,2.1%,90.2,4550.89
2021-01-15,496646,2041,1828,0.41%,0.37%,9876,137,73,1.41%,0.77%,459737,485,92.57%,27033,1.99%,2.1%,90.13,4532.23
2021-01-14,494605,1905,1789,0.39%,0.37%,9739,40,55,0.41%,0.58%,459252,729,92.85%,25614,1.97%,2.08%,88.87,4513.6
2021-01-13,492700,1442,1709,0.29%,0.35%,9699,145,50,1.52%,0.53%,458523,351,93.06%,24478,1.97%,2.07%,88.51,4496.22
2021-01-12,491258,1522,1652,0.31%,0.34%,9554,138,33,1.47%,0.36%,458172,-34,93.27%,23532,1.94%,2.04%,87.19,4483.06
2021-01-11,489736,2046,1568,0.42%,0.32%,9416,11,22,0.12%,0.24%,458206,8,93.56%,22114,1.92%,2.01%,85.93,4469.17
2021-01-10,487690,1893,1412,0.39%,0.29%,9405,7,21,0.07%,0.23%,458198,8583,93.95%,20087,1.93%,2.01%,85.83,4450.5
2021-01-09,485797,1945,1269,0.4%,0.26%,9398,34,21,0.36%,0.22%,449615,285,92.55%,26784,1.93%,2.05%,85.76,4433.22
2021-01-08,483852,1769,1147,0.37%,0.24%,9364,8,17,0.09%,0.18%,449330,278,92.87%,25158,1.94%,2.04%,85.45,4415.47
2021-01-07,482083,1346,1146,0.28%,0.24%,9356,9,16,0.1%,0.17%,449052,352,93.15%,23675,1.94%,2.04%,85.38,4399.33
2021-01-06,480737,1044,1172,0.22%,0.25%,9347,26,17,0.28%,0.18%,448700,325,93.34%,22690,1.94%,2.04%,85.3,4387.05
2021-01-05,479693,932,1167,0.19%,0.24%,9321,58,23,0.63%,0.24%,448375,96,93.47%,21997,1.94%,2.04%,85.06,4377.52
2021-01-04,478761,954,1159,0.2%,0.24%,9263,6,20,0.06%,0.21%,448279,21,93.63%,21219,1.93%,2.02%,84.53,4369.01
2021-01-03,477807,891,1132,0.19%,0.24%,9257,4,21,0.04%,0.23%,448258,8316,93.82%,20292,1.94%,2.02%,84.48,4360.31
2021-01-02,476916,1096,1130,0.23%,0.24%,9253,5,27,0.05%,0.29%,439942,47,92.25%,27721,1.94%,2.06%,84.44,4352.18
2021-01-01,475820,1756,1174,0.37%,0.25%,9248,4,27,0.04%,0.29%,439895,99,92.45%,26677,1.94%,2.06%,84.39,4342.18
2020-12-31,474064,1532,1191,0.32%,0.25%,9244,14,27,0.15%,0.3%,439796,287,92.77%,25024,1.95%,2.06%,84.36,4326.15
2020-12-30,472532,1006,1218,0.21%,0.26%,9230,68,26,0.74%,0.29%,439509,493,93.01%,23793,1.95%,2.06%,84.23,4312.17
2020-12-29,471526,876,1244,0.19%,0.27%,9162,38,20,0.42%,0.22%,439016,236,93.11%,23348,1.94%,2.04%,83.61,4302.99
2020-12-28,470650,764,1306,0.16%,0.28%,9124,15,24,0.16%,0.26%,438780,102,93.23%,22746,1.94%,2.04%,83.26,4295
2020-12-27,469886,881,1442,0.19%,0.31%,9109,42,23,0.46%,0.26%,438678,7623,93.36%,22099,1.94%,2.03%,83.13,4288.02
2020-12-26,469005,1404,1566,0.3%,0.34%,9067,5,22,0.06%,0.25%,431055,264,91.91%,28883,1.93%,2.06%,82.74,4279.98
2020-12-25,467601,1877,1577,0.4%,0.34%,9062,7,27,0.08%,0.3%,430791,301,92.13%,27748,1.94%,2.06%,82.7,4267.17
2020-12-24,465724,1720,1611,0.37%,0.35%,9055,7,29,0.08%,0.33%,430490,518,92.43%,26179,1.94%,2.06%,82.63,4250.04
2020-12-23,464004,1189,1574,0.26%,0.34%,9048,27,31,0.3%,0.34%,429972,553,92.67%,24984,1.95%,2.06%,82.57,4234.35
2020-12-22,462815,1310,1568,0.28%,0.34%,9021,64,30,0.71%,0.33%,429419,212,92.78%,24375,1.95%,2.06%,82.32,4223.5
2020-12-21,461505,1716,1539,0.37%,0.34%,8957,10,29,0.11%,0.32%,429207,73,93%,23341,1.94%,2.04%,81.74,4211.54
2020-12-20,459789,1745,1484,0.38%,0.33%,8947,36,31,0.4%,0.35%,429134,8048,93.33%,21708,1.95%,2.04%,81.65,4195.88
2020-12-19,458044,1482,1388,0.32%,0.31%,8911,36,26,0.41%,0.29%,421086,420,91.93%,28047,1.95%,2.07%,81.32,4179.96
2020-12-18,456562,2115,1360,0.47%,0.3%,8875,25,24,0.28%,0.27%,420666,764,92.14%,27021,1.94%,2.07%,80.99,4166.43
2020-12-17,454447,1459,1272,0.32%,0.28%,8850,17,21,0.19%,0.24%,419902,620,92.4%,25695,1.95%,2.06%,80.76,4147.13
2020-12-16,452988,1149,1261,0.25%,0.28%,8833,21,22,0.24%,0.25%,419282,415,92.56%,24873,1.95%,2.06%,80.61,4133.82
2020-12-15,451839,1106,1293,0.25%,0.29%,8812,55,20,0.63%,0.23%,418867,144,92.7%,24160,1.95%,2.06%,80.42,4123.33
2020-12-14,450733,1333,1333,0.3%,0.3%,8757,24,26,0.27%,0.3%,418723,36,92.9%,23253,1.94%,2.05%,79.91,4113.24
2020-12-13,449400,1069,1367,0.24%,0.31%,8733,3,26,0.03%,0.3%,418687,9254,93.17%,21980,1.94%,2.04%,79.69,4101.08
2020-12-12,448331,1292,1466,0.29%,0.33%,8730,21,29,0.24%,0.34%,409433,104,91.32%,30168,1.95%,2.09%,79.67,4091.32
2020-12-11,447039,1499,1528,0.34%,0.35%,8709,8,29,0.09%,0.33%,409329,271,91.56%,29001,1.95%,2.08%,79.48,4079.53
2020-12-10,445540,1376,1447,0.31%,0.33%,8701,24,36,0.28%,0.43%,409058,116,91.81%,27781,1.95%,2.08%,79.4,4065.85
2020-12-09,444164,1379,1401,0.31%,0.32%,8677,7,34,0.08%,0.4%,408942,152,92.07%,26545,1.95%,2.08%,79.18,4053.29
2020-12-08,442785,1386,1409,0.31%,0.32%,8670,98,36,1.14%,0.42%,408790,88,92.32%,25325,1.96%,2.08%,79.12,4040.71
2020-12-07,441399,1565,1396,0.36%,0.32%,8572,18,26,0.21%,0.3%,408702,68,92.59%,24125,1.94%,2.05%,78.23,4028.06
2020-12-06,439834,1765,1424,0.4%,0.33%,8554,28,26,0.33%,0.31%,408634,9052,92.91%,22646,1.94%,2.05%,78.06,4013.78
2020-12-05,438069,1724,1467,0.4%,0.34%,8526,17,28,0.2%,0.33%,399582,237,91.21%,29961,1.95%,2.09%,77.81,3997.67
2020-12-04,436345,932,1490,0.21%,0.34%,8509,63,36,0.75%,0.43%,399345,20,91.52%,28491,1.95%,2.09%,77.65,3981.94
2020-12-03,435413,1056,1588,0.24%,0.37%,8446,10,29,0.12%,0.35%,399325,320,91.71%,27642,1.94%,2.07%,77.08,3973.44
2020-12-02,434357,1432,1635,0.33%,0.38%,8436,18,32,0.21%,0.38%,399005,223,91.86%,26916,1.94%,2.07%,76.98,3963.8
2020-12-01,432925,1295,1600,0.3%,0.37%,8418,26,33,0.31%,0.4%,398782,124,92.11%,25725,1.94%,2.07%,76.82,3950.73
2020-11-30,431630,1766,1574,0.41%,0.37%,8392,19,31,0.23%,0.38%,398658,34,92.36%,24580,1.94%,2.06%,76.58,3938.91
2020-11-29,429864,2067,1578,0.48%,0.37%,8373,40,36,0.48%,0.44%,398624,10562,92.73%,22867,1.95%,2.06%,76.41,3922.8
2020-11-28,427797,1879,1564,0.44%,0.37%,8333,78,36,0.94%,0.44%,388062,446,90.71%,31402,1.95%,2.1%,76.04,3903.93
2020-11-27,425918,1621,1550,0.38%,0.37%,8255,13,33,0.16%,0.41%,387616,350,91.01%,30047,1.94%,2.09%,75.33,3886.79
2020-11-26,424297,1382,1552,0.33%,0.37%,8242,27,35,0.33%,0.43%,387266,311,91.27%,28789,1.94%,2.08%,75.21,3871.99
2020-11-25,422915,1193,1545,0.28%,0.37%,8215,30,37,0.37%,0.46%,386955,163,91.5%,27745,1.94%,2.08%,74.97,3859.38
2020-11-24,421722,1108,1572,0.26%,0.38%,8185,12,46,0.15%,0.58%,386792,188,91.72%,26745,1.94%,2.07%,74.69,3848.5
2020-11-23,420614,1796,1577,0.43%,0.38%,8173,50,48,0.62%,0.6%,386604,118,91.91%,25837,1.94%,2.07%,74.58,3838.38
2020-11-22,418818,1966,1569,0.47%,0.38%,8123,43,42,0.53%,0.52%,386486,10938,92.28%,24209,1.94%,2.06%,74.13,3821.99
2020-11-21,416852,1785,1502,0.43%,0.37%,8080,55,41,0.69%,0.52%,375548,311,90.09%,33224,1.94%,2.11%,73.74,3804.05
2020-11-20,415067,1637,1479,0.4%,0.36%,8025,27,39,0.34%,0.5%,375237,298,90.4%,31805,1.93%,2.09%,73.23,3787.76
2020-11-19,413430,1333,1516,0.32%,0.37%,7998,41,40,0.52%,0.51%,374939,273,90.69%,30493,1.93%,2.09%,72.99,3772.83
2020-11-18,412097,1379,1526,0.34%,0.38%,7957,95,35,1.21%,0.45%,374666,123,90.92%,29474,1.93%,2.08%,72.61,3760.66
2020-11-17,410718,1144,1567,0.28%,0.39%,7862,23,29,0.29%,0.37%,374543,177,91.19%,28313,1.91%,2.06%,71.75,3748.08
2020-11-16,409574,1736,1589,0.43%,0.4%,7839,7,27,0.09%,0.35%,374366,37,91.4%,27369,1.91%,2.05%,71.54,3737.64
2020-11-15,407838,1501,1635,0.37%,0.41%,7832,41,42,0.53%,0.55%,374329,11261,91.78%,25677,1.92%,2.05%,71.47,3721.79
2020-11-14,406337,1624,1768,0.4%,0.44%,7791,39,44,0.5%,0.57%,363068,165,89.35%,35478,1.92%,2.1%,71.1,3708.1
2020-11-13,404713,1893,1843,0.47%,0.47%,7752,31,42,0.4%,0.55%,362903,486,89.67%,34058,1.92%,2.09%,70.74,3693.28
2020-11-12,402820,1404,1871,0.35%,0.47%,7721,11,45,0.14%,0.59%,362417,200,89.97%,32682,1.92%,2.09%,70.46,3676
2020-11-11,401416,1667,1897,0.42%,0.48%,7710,49,49,0.64%,0.65%,362217,298,90.23%,31489,1.92%,2.08%,70.36,3663.19
2020-11-10,399749,1300,1798,0.33%,0.46%,7661,14,49,0.18%,0.66%,361919,135,90.54%,30169,1.92%,2.07%,69.91,3647.98
2020-11-09,398449,2054,1864,0.52%,0.48%,7647,108,54,1.43%,0.73%,361784,146,90.8%,29018,1.92%,2.07%,69.78,3636.11
2020-11-08,396395,2434,1897,0.62%,0.49%,7539,54,43,0.72%,0.58%,361638,11422,91.23%,27218,1.9%,2.04%,68.8,3617.37
2020-11-07,393961,2152,1890,0.55%,0.49%,7485,24,38,0.32%,0.51%,350216,242,88.9%,36260,1.9%,2.09%,68.31,3595.16
2020-11-06,391809,2084,1839,0.53%,0.48%,7461,52,39,0.7%,0.54%,349974,431,89.32%,34374,1.9%,2.09%,68.09,3575.52
2020-11-05,389725,1588,1827,0.41%,0.48%,7409,42,37,0.57%,0.52%,349543,452,89.69%,32773,1.9%,2.08%,67.61,3556.5
2020-11-04,388137,976,1851,0.25%,0.49%,7367,49,36,0.67%,0.5%,349091,124,89.94%,31679,1.9%,2.07%,67.23,3542.01
2020-11-03,387161,1761,2002,0.46%,0.53%,7318,49,38,0.67%,0.53%,348967,137,90.13%,30876,1.89%,2.05%,66.78,3533.1
2020-11-02,385400,2287,1967,0.6%,0.52%,7269,31,33,0.43%,0.46%,348830,70,90.51%,29301,1.89%,2.04%,66.33,3517.03
2020-11-01,383113,2384,1869,0.63%,0.5%,7238,17,37,0.24%,0.53%,348760,17714,91.03%,27115,1.89%,2.03%,66.05,3496.16
2020-10-31,380729,1796,1844,0.47%,0.49%,7221,36,41,0.5%,0.58%,331046,589,86.95%,42462,1.9%,2.13%,65.9,3474.41
2020-10-30,378933,1998,1876,0.53%,0.51%,7185,38,39,0.53%,0.55%,330457,609,87.21%,41291,1.9%,2.13%,65.57,3458.02
2020-10-29,376935,1755,1864,0.47%,0.51%,7147,33,52,0.46%,0.75%,329848,737,87.51%,39940,1.9%,2.12%,65.22,3439.78
2020-10-28,375180,2036,1848,0.55%,0.5%,7114,61,52,0.86%,0.76%,329111,509,87.72%,38955,1.9%,2.12%,64.92,3423.77
2020-10-27,373144,1514,1767,0.41%,0.48%,7053,14,52,0.2%,0.76%,328602,344,88.06%,37489,1.89%,2.1%,64.36,3405.19
2020-10-26,371630,1602,1780,0.43%,0.49%,7039,62,52,0.89%,0.76%,328258,222,88.33%,36333,1.89%,2.1%,64.24,3391.37
2020-10-25,370028,2209,1916,0.6%,0.53%,6977,43,46,0.62%,0.68%,328036,14924,88.65%,35015,1.89%,2.08%,63.67,3376.75
2020-10-24,367819,2020,1926,0.55%,0.54%,6934,19,47,0.27%,0.7%,313112,421,85.13%,47773,1.89%,2.17%,63.28,3356.59
2020-10-23,365799,1911,2007,0.53%,0.56%,6915,132,55,1.95%,0.82%,312691,358,85.48%,46193,1.89%,2.16%,63.1,3338.16
2020-10-22,363888,1645,2170,0.45%,0.61%,6783,36,41,0.53%,0.62%,312333,827,85.83%,44772,1.86%,2.13%,61.9,3320.72
2020-10-21,362243,1468,2244,0.41%,0.64%,6747,57,43,0.85%,0.65%,311506,864,85.99%,43990,1.86%,2.12%,61.57,3305.71
2020-10-20,360775,1606,2295,0.45%,0.65%,6690,15,45,0.22%,0.7%,310642,339,86.1%,43443,1.85%,2.11%,61.05,3292.31
2020-10-19,359169,2551,2336,0.72%,0.67%,6675,23,49,0.35%,0.76%,310303,145,86.39%,42191,1.86%,2.11%,60.91,3277.66
2020-10-18,356618,2280,2468,0.64%,0.71%,6652,49,47,0.74%,0.73%,310158,14846,86.97%,39808,1.87%,2.1%,60.7,3254.38
2020-10-17,354338,2588,2487,0.74%,0.72%,6603,72,52,1.1%,0.81%,295312,447,83.34%,52423,1.86%,2.19%,60.26,3233.57
2020-10-16,351750,3052,2426,0.88%,0.71%,6531,34,54,0.52%,0.86%,294865,704,83.83%,50354,1.86%,2.17%,59.6,3209.95
2020-10-15,348698,2162,2404,0.62%,0.71%,6497,48,61,0.74%,0.98%,294161,301,84.36%,48040,1.86%,2.16%,59.29,3182.1
2020-10-14,346536,1823,2414,0.53%,0.72%,6449,77,75,1.21%,1.22%,293860,477,84.8%,46227,1.86%,2.15%,58.85,3162.37
2020-10-13,344713,1897,2554,0.55%,0.76%,6372,40,72,0.63%,1.19%,293383,231,85.11%,44958,1.85%,2.13%,58.15,3145.74
2020-10-12,342816,3475,2579,1.02%,0.78%,6332,11,70,0.17%,1.16%,293152,77,85.51%,43332,1.85%,2.11%,57.78,3128.43
2020-10-11,339341,2415,2406,0.72%,0.73%,6321,83,78,1.33%,1.3%,293075,16981,86.37%,39945,1.86%,2.11%,57.68,3096.71
2020-10-10,336926,2156,2514,0.64%,0.77%,6238,86,80,1.4%,1.36%,276094,787,81.94%,54594,1.85%,2.21%,56.93,3074.68
2020-10-09,334770,2901,2585,0.87%,0.8%,6152,83,77,1.37%,1.31%,275307,989,82.24%,53311,1.84%,2.19%,56.14,3055
2020-10-08,331869,2232,2541,0.68%,0.79%,6069,144,72,2.43%,1.26%,274318,595,82.66%,51482,1.83%,2.16%,55.38,3028.53
2020-10-07,329637,2804,2563,0.86%,0.8%,5925,60,60,1.02%,1.06%,273723,410,83.04%,49989,1.8%,2.12%,54.07,3008.16
2020-10-06,326833,2071,2504,0.64%,0.79%,5865,25,60,0.43%,1.06%,273313,190,83.62%,47655,1.79%,2.1%,53.52,2982.57
2020-10-05,324762,2265,2496,0.7%,0.79%,5840,64,66,1.11%,1.18%,273123,44,84.1%,45799,1.8%,2.09%,53.29,2963.67
2020-10-04,322497,3167,2610,0.99%,0.84%,5776,98,62,1.73%,1.12%,273079,18033,84.68%,43642,1.79%,2.07%,52.71,2943
2020-10-03,319330,2652,2582,0.84%,0.84%,5678,62,56,1.1%,1.03%,255046,429,79.87%,58606,1.78%,2.18%,51.82,2914.1
2020-10-02,316678,2599,2474,0.83%,0.81%,5616,54,60,0.97%,1.12%,254617,394,80.4%,56445,1.77%,2.16%,51.25,2889.9
2020-10-01,314079,2385,2475,0.77%,0.82%,5562,58,62,1.05%,1.17%,254223,735,80.94%,54294,1.77%,2.14%,50.76,2866.18
2020-09-30,311694,2391,2443,0.77%,0.81%,5504,56,59,1.03%,1.12%,253488,558,81.33%,52702,1.77%,2.13%,50.23,2844.42
2020-09-29,309303,2015,2502,0.66%,0.84%,5448,67,57,1.25%,1.09%,252930,265,81.77%,50925,1.76%,2.11%,49.72,2822.6
2020-09-28,307288,3062,2443,1.01%,0.82%,5381,37,55,0.69%,1.06%,252665,155,82.22%,49242,1.75%,2.09%,49.11,2804.21
2020-09-27,304226,2970,2498,0.99%,0.85%,5344,60,51,1.14%,1%,252510,19604,83%,46372,1.76%,2.07%,48.77,2776.27
2020-09-26,301256,1895,2542,0.63%,0.87%,5284,88,51,1.69%,1%,232906,507,77.31%,63066,1.75%,2.22%,48.22,2749.16
2020-09-25,299361,2606,2834,0.88%,0.98%,5196,69,52,1.35%,1.05%,232399,471,77.63%,61766,1.74%,2.19%,47.42,2731.87
2020-09-24,296755,2164,2924,0.73%,1.03%,5127,36,49,0.71%,0.99%,231928,555,78.15%,59700,1.73%,2.16%,46.79,2708.09
2020-09-23,294591,2802,3094,0.96%,1.1%,5091,42,51,0.83%,1.05%,231373,730,78.54%,58127,1.73%,2.15%,46.46,2688.34
2020-09-22,291789,1599,3197,0.55%,1.15%,5049,50,55,1%,1.14%,230643,410,79.04%,56097,1.73%,2.14%,46.08,2662.77
2020-09-21,290190,3447,3472,1.2%,1.26%,4999,15,53,0.3%,1.1%,230233,368,79.34%,54958,1.72%,2.13%,45.62,2648.18
2020-09-20,286743,3283,3647,1.16%,1.34%,4984,54,88,1.1%,1.91%,229865,19980,80.16%,51894,1.74%,2.12%,45.48,2616.72
2020-09-19,283460,3934,3657,1.41%,1.36%,4930,100,91,2.07%,2.01%,209885,1095,74.04%,68645,1.74%,2.29%,44.99,2586.76
2020-09-18,279526,3237,3795,1.17%,1.44%,4830,45,103,0.94%,2.36%,208790,694,74.69%,65906,1.73%,2.26%,44.08,2550.86
2020-09-17,276289,3355,3906,1.23%,1.5%,4785,53,103,1.12%,2.37%,208096,238,75.32%,63408,1.73%,2.25%,43.67,2521.32
2020-09-16,272934,3527,3970,1.31%,1.55%,4732,69,107,1.48%,2.5%,207858,506,76.16%,60344,1.73%,2.23%,43.18,2490.71
2020-09-15,269407,3519,3917,1.32%,1.54%,4663,33,107,0.71%,2.54%,207352,-152,76.97%,57392,1.73%,2.2%,42.55,2458.52
2020-09-14,265888,4672,3880,1.79%,1.55%,4630,259,106,5.93%,2.54%,207504,-64,78.04%,53754,1.74%,2.18%,42.25,2426.41
2020-09-13,261216,3353,3407,1.3%,1.38%,4371,79,71,1.84%,1.74%,207568,20452,79.46%,49277,1.67%,2.06%,39.89,2383.77
2020-09-12,257863,4899,3328,1.94%,1.36%,4292,184,72,4.48%,1.8%,187116,510,72.56%,66455,1.66%,2.24%,39.17,2353.17
2020-09-11,252964,4017,2985,1.61%,1.24%,4108,42,53,1.03%,1.36%,186606,548,73.77%,62250,1.62%,2.15%,37.49,2308.47
2020-09-10,248947,3804,2935,1.55%,1.24%,4066,80,54,2.01%,1.41%,186058,515,74.74%,58823,1.63%,2.14%,37.1,2271.81
2020-09-09,245143,3156,2672,1.3%,1.14%,3986,70,52,1.79%,1.38%,185543,365,75.69%,55614,1.63%,2.1%,36.37,2237.09
2020-09-08,241987,3260,2532,1.37%,1.09%,3916,26,46,0.67%,1.22%,185178,272,76.52%,52893,1.62%,2.07%,35.74,2208.29
2020-09-07,238727,1362,2558,0.57%,1.12%,3890,15,47,0.39%,1.28%,184906,219,77.46%,49931,1.63%,2.06%,35.5,2178.54
2020-09-06,237365,2795,2853,1.19%,1.26%,3875,85,51,2.24%,1.38%,184687,23019,77.81%,48803,1.63%,2.06%,35.36,2166.11
2020-09-05,234570,2498,3063,1.08%,1.38%,3790,53,53,1.42%,1.48%,161668,1119,68.92%,69112,1.62%,2.29%,34.59,2140.61
2020-09-04,232072,3669,3218,1.61%,1.47%,3737,49,59,1.33%,1.69%,160549,1074,69.18%,67786,1.61%,2.27%,34.1,2117.81
2020-09-03,228403,1963,3260,0.87%,1.52%,3688,65,65,1.79%,1.9%,159475,865,69.82%,65240,1.61%,2.26%,33.66,2084.33
2020-09-02,226440,2176,3440,0.97%,1.62%,3623,26,69,0.72%,2.08%,158610,598,70.05%,64207,1.6%,2.23%,33.06,2066.42
2020-09-01,224264,3445,3871,1.56%,1.86%,3597,39,80,1.1%,2.45%,158012,450,70.46%,62655,1.6%,2.23%,32.83,2046.56
2020-08-31,220819,3423,3795,1.57%,1.85%,3558,38,78,1.08%,2.42%,157562,159,71.35%,59699,1.61%,2.21%,32.47,2015.12
2020-08-30,217396,4265,3971,2%,1.97%,3520,101,75,2.95%,2.32%,157403,22302,72.4%,56473,1.62%,2.19%,32.12,1983.88
2020-08-29,213131,3587,3697,1.71%,1.87%,3419,94,65,2.83%,2.06%,135101,627,63.39%,74611,1.6%,2.47%,31.2,1944.96
2020-08-28,209544,3963,3883,1.93%,2.01%,3325,91,55,2.81%,1.78%,134474,484,64.17%,71745,1.59%,2.41%,30.34,1912.23
2020-08-27,205581,3220,3937,1.59%,2.08%,3234,97,50,3.09%,1.66%,133990,530,65.18%,68357,1.57%,2.36%,29.51,1876.06
2020-08-26,202361,5197,4084,2.64%,2.2%,3137,99,49,3.26%,1.67%,133460,1064,65.95%,65764,1.55%,2.3%,28.63,1846.68
2020-08-25,197164,2912,3993,1.5%,2.21%,3038,28,50,0.93%,1.78%,132396,354,67.15%,61730,1.54%,2.24%,27.72,1799.25
2020-08-24,194252,4651,4254,2.45%,2.41%,3010,12,47,0.4%,1.68%,132042,675,67.97%,59200,1.55%,2.23%,27.47,1772.68
2020-08-23,189601,2352,4050,1.26%,2.34%,2998,32,48,1.08%,1.7%,131367,16446,69.29%,55236,1.58%,2.23%,27.36,1730.24
2020-08-22,187249,4884,4190,2.68%,2.46%,2966,26,52,0.88%,1.91%,114921,402,61.37%,69362,1.58%,2.52%,27.07,1708.77
2020-08-21,182365,4343,4101,2.44%,2.48%,2940,57,71,1.98%,2.71%,114519,405,62.8%,64906,1.61%,2.5%,26.83,1664.2
2020-08-20,178022,4248,4357,2.44%,2.72%,2883,88,65,3.15%,2.52%,114114,633,64.1%,61025,1.62%,2.46%,26.31,1624.57
2020-08-19,173774,4561,4289,2.7%,2.75%,2795,108,56,4.02%,2.2%,113481,620,65.3%,57498,1.61%,2.4%,25.51,1585.8
2020-08-18,169213,4739,4239,2.88%,2.8%,2687,6,54,0.22%,2.19%,112861,102,66.7%,53665,1.59%,2.33%,24.52,1544.18
2020-08-17,164474,3221,3977,2%,2.69%,2681,16,55,0.6%,2.27%,112759,173,68.56%,49034,1.63%,2.32%,24.47,1500.94
2020-08-16,161253,3335,4477,2.11%,3.14%,2665,65,56,2.5%,2.34%,112586,40377,69.82%,46002,1.65%,2.31%,24.32,1471.54
2020-08-15,157918,4258,4433,2.77%,3.18%,2600,158,56,6.47%,2.38%,72209,804,45.73%,83109,1.65%,3.48%,23.73,1441.11
2020-08-14,153660,6134,4415,4.16%,3.27%,2442,16,39,0.66%,1.72%,71405,1018,46.47%,79813,1.59%,3.31%,22.28,1402.25
2020-08-13,147526,3777,4009,2.63%,3.07%,2426,22,39,0.92%,1.75%,70387,1390,47.71%,74713,1.64%,3.33%,22.14,1346.27
2020-08-12,143749,4211,3967,3.02%,3.12%,2404,92,40,3.98%,1.8%,68997,565,48%,72348,1.67%,3.37%,21.94,1311.81
2020-08-11,139538,2900,3849,2.12%,3.12%,2312,18,28,0.78%,1.28%,68432,273,49.04%,68794,1.66%,3.27%,21.1,1273.38
2020-08-10,136638,6725,4330,5.18%,3.66%,2294,24,27,1.06%,1.25%,68159,486,49.88%,66185,1.68%,3.26%,20.93,1246.91
2020-08-09,129913,3028,3818,2.39%,3.35%,2270,61,30,2.76%,1.41%,67673,556,52.09%,59970,1.75%,3.25%,20.72,1185.54
2020-08-08,126885,4131,4093,3.37%,3.73%,2209,41,24,1.89%,1.15%,67117,265,52.9%,57559,1.74%,3.19%,20.16,1157.91
2020-08-07,122754,3294,5324,2.76%,5.38%,2168,18,29,0.84%,1.44%,66852,15,54.46%,53734,1.77%,3.14%,19.78,1120.21
2020-08-06,119460,3480,4853,3%,4.99%,2150,27,27,1.27%,1.32%,66837,567,55.95%,50473,1.8%,3.12%,19.62,1090.15
2020-08-05,115980,3387,4356,3.01%,4.56%,2123,8,23,0.38%,1.14%,66270,221,57.14%,47587,1.83%,3.1%,19.37,1058.4
2020-08-04,112593,6263,4131,5.89%,4.44%,2115,11,24,0.52%,1.2%,66049,228,58.66%,44429,1.88%,3.1%,19.3,1027.49
2020-08-03,106330,3145,3470,3.05%,3.88%,2104,45,23,2.19%,1.14%,65821,264,61.9%,38405,1.98%,3.1%,19.2,970.33
2020-08-02,103185,4953,3248,5.04%,3.73%,2059,20,18,0.98%,0.92%,65557,292,63.53%,35569,2%,3.05%,18.79,941.63
2020-08-01,98232,12746,2831,14.91%,3.38%,2039,77,20,3.92%,1.04%,65265,38269,66.44%,30928,2.08%,3.03%,18.61,896.43
2020-07-31,85486,0,1292,0,1.62%,1962,0,12,0,0.62%,26996,0,31.58%,56528,2.3%,6.78%,17.9,780.12
2020-07-30,85486,0,1585,0,2.01%,1962,0,13,0,0.68%,26996,0,31.58%,56528,2.3%,6.78%,17.9,780.12
2020-07-29,85486,1813,1888,2.17%,2.43%,1962,15,17,0.77%,0.9%,26996,379,31.58%,56528,2.3%,6.78%,17.9,780.12
2020-07-28,83673,1633,1844,1.99%,2.42%,1947,2,16,0.1%,0.84%,26617,171,31.81%,55109,2.33%,6.82%,17.77,763.57
2020-07-27,82040,1592,1877,1.98%,2.53%,1945,13,16,0.67%,0.84%,26446,336,32.24%,53649,2.37%,6.85%,17.75,748.67
2020-07-26,80448,2036,1856,2.6%,2.55%,1932,35,14,1.85%,0.77%,26110,358,32.46%,52406,2.4%,6.89%,17.63,734.14
2020-07-25,78412,1968,1873,2.57%,2.65%,1897,18,18,0.96%,0.98%,25752,1250,32.84%,50763,2.42%,6.86%,17.31,715.56
2020-07-24,76444,2054,1920,2.76%,2.8%,1879,8,31,0.43%,1.81%,24502,119,32.05%,50063,2.46%,7.12%,17.15,697.6
2020-07-23,74390,2121,1875,2.93%,2.81%,1871,28,33,1.52%,1.9%,24383,760,32.78%,48136,2.52%,7.13%,17.07,678.86
2020-07-22,72269,1505,1917,2.13%,2.98%,1843,6,33,0.33%,1.94%,23623,342,32.69%,46803,2.55%,7.24%,16.82,659.5
2020-07-21,70764,1866,1888,2.71%,3%,1837,2,33,0.11%,1.99%,23281,209,32.9%,45646,2.6%,7.31%,16.76,645.77
2020-07-20,68898,1442,1699,2.14%,2.75%,1835,4,34,0.22%,2.01%,23072,607,33.49%,43991,2.66%,7.37%,16.75,628.74
2020-07-19,67456,2152,1600,3.3%,2.64%,1831,58,42,3.27%,2.58%,22465,398,33.3%,43160,2.71%,7.54%,16.71,615.58
2020-07-18,65304,2303,1583,3.66%,2.7%,1773,113,57,6.81%,3.8%,22067,319,33.79%,41464,2.71%,7.44%,16.18,595.94
2020-07-17,63001,1735,1441,2.83%,2.53%,1660,17,43,1.03%,2.96%,21748,308,34.52%,39593,2.63%,7.09%,15.15,574.93
2020-07-16,61266,2416,1359,4.11%,2.45%,1643,29,47,1.8%,3.31%,21440,464,34.99%,38183,2.68%,7.12%,14.99,559.09
2020-07-15,58850,1305,1213,2.27%,2.26%,1614,11,43,0.69%,3.05%,20976,517,35.64%,36260,2.74%,7.14%,14.73,537.05
2020-07-14,57545,539,1382,0.95%,2.67%,1603,4,42,0.25%,3.01%,20459,88,35.55%,35483,2.79%,7.27%,14.63,525.14
2020-07-13,57006,747,1525,1.33%,3.01%,1599,65,42,4.24%,3.04%,20371,4325,35.73%,35036,2.8%,7.28%,14.59,520.22
2020-07-12,56259,2037,1715,3.76%,3.49%,1534,162,34,11.81%,2.5%,16046,2009,28.52%,38679,2.73%,8.73%,14,513.4
2020-07-11,54222,1308,1770,2.47%,3.78%,1372,12,12,0.88%,0.89%,14037,807,25.89%,38813,2.53%,8.9%,12.52,494.81
2020-07-10,52914,1160,1797,2.24%,3.96%,1360,46,11,3.5%,0.87%,13230,417,25%,38324,2.57%,9.32%,12.41,482.88
2020-07-09,51754,1395,1850,2.77%,4.2%,1314,0,6,0,0.44%,12813,225,24.76%,37627,2.54%,9.3%,11.99,472.29
2020-07-08,50359,2486,1693,5.19%,3.92%,1314,5,6,0.38%,0.49%,12588,202,25%,36457,2.61%,9.45%,11.99,459.56
2020-07-07,47873,1540,1480,3.32%,3.55%,1309,6,6,0.46%,0.48%,12386,201,25.87%,34178,2.73%,9.56%,11.95,436.87
2020-07-06,46333,2079,1414,4.7%,3.5%,1303,6,7,0.46%,0.54%,12185,243,26.3%,32845,2.81%,9.66%,11.89,422.82
2020-07-05,44254,2424,1257,5.79%,3.23%,1297,7,8,0.54%,0.6%,11942,489,26.99%,31015,2.93%,9.8%,11.84,403.85
2020-07-04,41830,1494,1004,3.7%,2.67%,1290,10,8,0.78%,0.61%,11453,380,27.38%,29087,3.08%,10.12%,11.77,381.73
2020-07-03,40336,1531,895,3.95%,2.44%,1280,6,8,0.47%,0.64%,11073,400,27.45%,27983,3.17%,10.36%,11.68,368.09
2020-07-02,38805,294,819,0.76%,2.31%,1274,4,9,0.31%,0.72%,10673,235,27.5%,26858,3.28%,10.66%,11.63,354.12
2020-07-01,38511,997,888,2.66%,2.55%,1270,4,9,0.32%,0.77%,10438,205,27.1%,26803,3.3%,10.85%,11.59,351.44
2020-06-30,37514,1076,813,2.95%,2.38%,1266,11,11,0.88%,0.94%,10233,277,27.28%,26015,3.37%,11.01%,11.55,342.34
2020-06-29,36438,983,822,2.77%,2.49%,1255,11,11,0.88%,0.92%,9956,270,27.32%,25227,3.44%,11.19%,11.45,332.52
2020-06-28,35455,652,772,1.87%,2.39%,1244,8,11,0.65%,0.89%,9686,256,27.32%,24525,3.51%,11.38%,11.35,323.55
2020-06-27,34803,730,772,2.14%,2.44%,1236,12,12,0.98%,1.03%,9430,248,27.1%,24137,3.55%,11.59%,11.28,317.6
2020-06-26,34073,1004,802,3.04%,2.61%,1224,12,13,0.99%,1.15%,9182,272,26.95%,23667,3.59%,11.76%,11.17,310.94
2020-06-25,33069,774,753,2.4%,2.52%,1212,8,14,0.66%,1.18%,8910,254,26.94%,22947,3.67%,11.97%,11.06,301.78
2020-06-24,32295,470,722,1.48%,2.47%,1204,18,14,1.52%,1.19%,8656,214,26.8%,22435,3.73%,12.21%,10.99,294.71
2020-06-23,31825,1143,721,3.73%,2.5%,1186,9,12,0.76%,1.04%,8442,299,26.53%,22197,3.73%,12.32%,10.82,290.42
2020-06-22,30682,630,609,2.1%,2.16%,1177,8,11,0.68%,1%,8143,250,26.54%,21362,3.84%,12.63%,10.74,279.99
2020-06-21,30052,652,589,2.22%,2.13%,1169,19,12,1.65%,1.03%,7893,243,26.26%,20990,3.89%,12.9%,10.67,274.24
2020-06-20,29400,941,573,3.31%,2.12%,1150,20,11,1.77%,0.98%,7650,272,26.02%,20600,3.91%,13.07%,10.49,268.29
2020-06-19,28459,660,525,2.37%,1.99%,1130,14,11,1.25%,1.03%,7378,288,25.93%,19951,3.97%,13.28%,10.31,259.71
2020-06-18,27799,561,518,2.06%,2.02%,1116,8,11,0.72%,1.07%,7090,270,25.5%,19593,4.01%,13.6%,10.18,253.68
2020-06-17,27238,457,501,1.71%,1.99%,1108,5,12,0.45%,1.09%,6820,268,25.04%,19310,4.07%,13.98%,10.11,248.56
2020-06-16,26781,361,541,1.37%,2.21%,1103,5,12,0.46%,1.17%,6552,300,24.47%,19126,4.12%,14.41%,10.07,244.39
2020-06-15,26420,490,564,1.89%,2.34%,1098,10,12,0.92%,1.19%,6252,298,23.66%,19070,4.16%,14.94%,10.02,241.1
2020-06-14,25930,538,576,2.12%,2.45%,1088,14,12,1.3%,1.17%,5954,248,22.96%,18888,4.2%,15.45%,9.93,236.63
2020-06-13,25392,605,579,2.44%,2.51%,1074,22,11,2.09%,1.11%,5706,252,22.47%,18612,4.23%,15.84%,9.8,231.72
2020-06-12,24787,612,594,2.53%,2.66%,1052,16,9,1.54%,0.92%,5454,289,22%,18281,4.24%,16.17%,9.6,226.2
2020-06-11,24175,443,542,1.87%,2.47%,1036,9,7,0.88%,0.74%,5165,270,21.37%,17974,4.29%,16.71%,9.45,220.61
2020-06-10,23732,740,569,3.22%,2.66%,1027,10,8,0.98%,0.76%,4895,159,20.63%,17810,4.33%,17.34%,9.37,216.57
2020-06-09,22992,518,571,2.3%,2.77%,1017,6,7,0.59%,0.74%,4736,99,20.6%,17239,4.42%,17.68%,9.28,209.82
2020-06-08,22474,579,548,2.64%,2.71%,1011,8,7,0.8%,0.74%,4637,107,20.63%,16826,4.5%,17.9%,9.23,205.09
2020-06-07,21895,555,544,2.6%,2.77%,1003,9,7,0.91%,0.67%,4530,89,20.69%,16362,4.58%,18.13%,9.15,199.81
2020-06-06,21340,714,588,3.46%,3.11%,994,7,6,0.71%,0.65%,4441,111,20.81%,15905,4.66%,18.29%,9.07,194.74
2020-06-05,20626,244,570,1.2%,3.13%,987,3,6,0.3%,0.67%,4330,82,20.99%,15309,4.79%,18.56%,9.01,188.23
2020-06-04,20382,634,685,3.21%,3.91%,984,10,9,1.03%,0.95%,4248,95,20.84%,15150,4.83%,18.81%,8.98,186
2020-06-03,19748,751,671,3.95%,3.97%,974,8,10,0.83%,1.07%,4153,90,21.03%,14621,4.93%,19%,8.89,180.21
2020-06-02,18997,359,618,1.93%,3.77%,966,6,11,0.63%,1.25%,4063,84,21.39%,13968,5.09%,19.21%,8.82,173.36
2020-06-01,18638,552,617,3.05%,3.85%,960,3,12,0.31%,1.37%,3979,70,21.35%,13699,5.15%,19.44%,8.76,170.08
2020-05-31,18086,862,579,5%,3.7%,957,7,13,0.74%,1.41%,3909,101,21.61%,13220,5.29%,19.67%,8.73,165.05
2020-05-30,17224,590,492,3.55%,3.25%,950,8,12,0.85%,1.38%,3808,88,22.11%,12466,5.52%,19.97%,8.67,157.18
2020-05-29,16634,1046,434,6.71%,2.93%,942,21,12,2.28%,1.36%,3720,122,22.36%,11972,5.66%,20.21%,8.6,151.8
2020-05-28,15588,539,308,3.58%,2.15%,921,17,11,1.88%,1.22%,3598,92,23.08%,11069,5.91%,20.38%,8.4,142.25
2020-05-27,15049,380,261,2.59%,1.87%,904,18,9,2.03%,1.02%,3506,94,23.3%,10639,6.01%,20.5%,8.25,137.33
2020-05-26,14669,350,247,2.44%,1.8%,886,13,7,1.49%,0.82%,3412,89,23.26%,10371,6.04%,20.61%,8.09,133.86
2020-05-25,14319,284,229,2.02%,1.71%,873,5,6,0.58%,0.71%,3323,74,23.21%,10123,6.1%,20.81%,7.97,130.67
2020-05-24,14035,258,217,1.87%,1.65%,868,5,6,0.58%,0.75%,3249,72,23.15%,9918,6.18%,21.08%,7.92,128.08
2020-05-23,13777,180,210,1.32%,1.63%,863,6,7,0.7%,0.79%,3177,85,23.06%,9737,6.26%,21.36%,7.88,125.72
2020-05-22,13597,163,215,1.21%,1.69%,857,11,7,1.3%,0.88%,3092,92,22.74%,9648,6.3%,21.7%,7.82,124.08
2020-05-21,13434,213,223,1.61%,1.78%,846,4,8,0.48%,0.99%,3000,68,22.33%,9588,6.3%,22%,7.72,122.59
2020-05-20,13221,279,229,2.16%,1.86%,842,5,10,0.6%,1.25%,2932,89,22.18%,9447,6.37%,22.31%,7.68,120.65
2020-05-19,12942,224,227,1.76%,1.89%,837,6,12,0.72%,1.56%,2843,114,21.97%,9262,6.47%,22.74%,7.64,118.1
2020-05-18,12718,205,233,1.64%,1.98%,831,7,15,0.85%,1.95%,2729,94,21.46%,9158,6.53%,23.34%,7.58,116.06
2020-05-17,12513,208,246,1.69%,2.13%,824,7,15,0.86%,1.97%,2635,74,21.06%,9054,6.59%,23.82%,7.52,114.19
2020-05-16,12305,214,242,1.77%,2.14%,817,11,16,1.36%,2.15%,2561,101,20.81%,8927,6.64%,24.19%,7.46,112.29
2020-05-15,12091,215,233,1.81%,2.09%,806,16,16,2.03%,2.12%,2460,123,20.35%,8825,6.67%,24.68%,7.36,110.34
2020-05-14,11876,258,219,2.22%,1.99%,790,18,15,2.33%,2.06%,2337,86,19.68%,8749,6.65%,25.26%,7.21,108.38
2020-05-13,11618,268,231,2.36%,2.16%,772,21,16,2.8%,2.31%,2251,145,19.38%,8595,6.64%,25.54%,7.05,106.02
2020-05-12,11350,264,238,2.38%,2.3%,751,25,16,3.44%,2.39%,2106,107,18.56%,8493,6.62%,26.29%,6.85,103.58
2020-05-11,11086,292,229,2.71%,2.26%,726,7,15,0.97%,2.22%,1999,75,18.03%,8361,6.55%,26.64%,6.63,101.17
2020-05-10,10794,184,224,1.73%,2.27%,719,15,16,2.13%,2.45%,1924,82,17.82%,8151,6.66%,27.2%,6.56,98.5
2020-05-09,10610,147,240,1.4%,2.5%,704,8,14,1.15%,2.24%,1842,108,17.36%,8064,6.64%,27.65%,6.42,96.82
2020-05-08,10463,120,242,1.16%,2.55%,696,11,17,1.61%,2.67%,1734,116,16.57%,8033,6.65%,28.64%,6.35,95.48
2020-05-07,10343,339,265,3.39%,2.87%,685,27,17,4.1%,2.72%,1618,112,15.64%,8040,6.62%,29.74%,6.25,94.39
2020-05-06,10004,320,256,3.3%,2.86%,658,21,14,3.3%,2.39%,1506,98,15.05%,7840,6.58%,30.41%,6,91.29
2020-05-05,9684,199,247,2.1%,2.85%,637,14,15,2.25%,2.67%,1408,93,14.54%,7639,6.58%,31.15%,5.81,88.37
2020-05-04,9485,262,244,2.84%,2.88%,623,16,16,2.64%,2.88%,1315,101,13.86%,7547,6.57%,32.15%,5.69,86.56
2020-05-03,9223,295,235,3.3%,2.85%,607,4,15,0.66%,2.79%,1214,90,13.16%,7402,6.58%,33.33%,5.54,84.17
2020-05-02,8928,156,233,1.78%,2.93%,603,24,16,4.15%,2.9%,1124,40,12.59%,7201,6.75%,34.92%,5.5,81.47
2020-05-01,8772,284,226,3.35%,2.88%,579,11,15,1.94%,2.82%,1084,41,12.36%,7109,6.6%,34.82%,5.28,80.05
2020-04-30,8488,276,215,3.36%,2.83%,568,10,15,1.79%,3%,1043,20,12.29%,6877,6.69%,35.26%,5.18,77.46
2020-04-29,8212,254,215,3.19%,2.93%,558,28,16,5.28%,3.26%,1023,48,12.46%,6631,6.79%,35.29%,5.09,74.94
2020-04-28,7958,181,194,2.33%,2.72%,530,19,13,3.72%,2.8%,975,43,12.25%,6453,6.66%,35.22%,4.84,72.62
2020-04-27,7777,198,188,2.61%,2.69%,511,10,12,2%,2.57%,932,70,11.98%,6334,6.57%,35.41%,4.66,70.97
2020-04-26,7579,285,189,3.91%,2.78%,501,7,13,1.42%,2.95%,862,70,11.37%,6216,6.61%,36.76%,4.57,69.16
2020-04-25,7294,102,172,1.42%,2.62%,494,17,14,3.56%,3.18%,792,30,10.86%,6008,6.77%,38.41%,4.51,66.56
2020-04-24,7192,211,188,3.02%,2.93%,477,15,13,3.25%,3.04%,762,40,10.6%,5953,6.63%,38.5%,4.35,65.63
2020-04-23,6981,271,189,4.04%,3.05%,462,16,14,3.59%,3.56%,722,29,10.34%,5797,6.62%,39.02%,4.22,63.71
2020-04-22,6710,111,180,1.68%,3.01%,446,9,14,2.06%,3.58%,693,39,10.33%,5571,6.65%,39.16%,4.07,61.23
2020-04-21,6599,140,197,2.17%,3.4%,437,9,15,2.1%,3.88%,654,41,9.91%,5508,6.62%,40.05%,3.99,60.22
2020-04-20,6459,200,218,3.2%,3.93%,428,19,16,4.65%,4.49%,613,41,9.49%,5418,6.63%,41.11%,3.91,58.94
2020-04-19,6259,172,230,2.83%,4.35%,409,12,16,3.02%,4.69%,572,56,9.14%,5278,6.53%,41.69%,3.73,57.12
2020-04-18,6087,209,237,3.56%,4.66%,397,10,21,2.58%,7.15%,516,29,8.48%,5174,6.52%,43.48%,3.62,55.55
2020-04-17,5878,218,240,3.85%,4.94%,387,25,24,6.91%,8.46%,487,52,8.29%,5004,6.58%,44.28%,3.53,53.64
2020-04-16,5660,207,226,3.8%,4.81%,362,13,23,3.72%,8.74%,435,82,7.69%,4863,6.4%,45.42%,3.3,51.65
2020-04-15,5453,230,226,4.4%,5.02%,349,14,24,4.18%,9.86%,353,58,6.47%,4751,6.4%,49.72%,3.18,49.76
2020-04-14,5223,291,208,5.9%,4.8%,335,20,23,6.35%,9.66%,295,53,5.65%,4593,6.41%,53.17%,3.06,47.66
2020-04-13,4932,284,182,6.11%,4.36%,315,18,22,6.06%,9.98%,242,45,4.91%,4375,6.39%,56.55%,2.87,45.01
2020-04-12,4648,220,200,4.97%,5.31%,297,50,21,20.24%,10.15%,197,40,4.24%,4154,6.39%,60.12%,2.71,42.42
2020-04-11,4428,233,191,5.55%,5.3%,247,26,15,11.76%,8.05%,157,17,3.55%,4024,5.58%,61.14%,2.25,40.41
2020-04-10,4195,119,168,2.92%,4.87%,221,18,12,8.87%,7.21%,140,16,3.34%,3834,5.27%,61.22%,2.02,38.28
2020-04-09,4076,206,206,5.32%,6.54%,203,21,14,11.54%,9.82%,124,28,3.04%,3749,4.98%,62.08%,1.85,37.2
2020-04-08,3870,106,223,2.82%,7.77%,182,5,12,2.82%,9.81%,96,12,2.48%,3592,4.7%,65.47%,1.66,35.32
2020-04-07,3764,104,240,2.84%,8.92%,177,14,13,8.59%,10.7%,84,11,2.23%,3503,4.7%,67.82%,1.62,34.35
2020-04-06,3660,414,302,12.75%,13.49%,163,11,12,7.24%,11.31%,73,9,1.99%,3424,4.45%,69.07%,1.49,33.4
2020-04-05,3246,152,261,4.91%,12.96%,152,8,12,5.56%,11.68%,64,7,1.97%,3030,4.68%,70.37%,1.39,29.62
2020-04-04,3094,76,288,2.52%,16.81%,144,8,11,5.88%,11.52%,57,5,1.84%,2893,4.65%,71.64%,1.31,28.23
2020-04-03,3018,385,316,14.62%,21.29%,136,29,12,27.1%,14.38%,52,1,1.72%,2830,4.51%,72.34%,1.24,27.54
2020-04-02,2633,322,275,13.93%,21.14%,107,11,9,11.46%,13.37%,51,1,1.94%,2475,4.06%,67.72%,0.98,24.03
2020-04-01,2311,227,239,10.89%,20.75%,96,8,8,9.09%,14.36%,50,1,2.16%,2165,4.15%,65.75%,0.88,21.09
2020-03-31,2084,538,219,34.8%,21.37%,88,10,8,12.82%,14.29%,49,7,2.35%,1947,4.22%,64.23%,0.8,19.02
2020-03-30,1546,128,155,9.03%,19.18%,78,7,6,9.86%,13.32%,42,0,2.72%,1426,5.05%,65%,0.71,14.11
2020-03-29,1418,343,148,31.91%,20.97%,71,3,7,4.41%,16.48%,42,7,2.96%,1305,5.01%,62.83%,0.65,12.94
2020-03-28,1075,272,110,33.87%,19.81%,68,14,7,25.93%,20.37%,35,4,3.26%,972,6.33%,66.02%,0.62,9.81
2020-03-27,803,96,82,13.58%,19.75%,54,9,5,20%,17.46%,31,3,3.86%,718,6.72%,63.53%,0.49,7.33
2020-03-26,707,71,70,11.16%,18.67%,45,7,4,18.42%,15.44%,28,2,3.96%,634,6.36%,61.64%,0.41,6.45
2020-03-25,636,84,62,15.22%,18.14%,38,3,3,8.57%,11.3%,26,6,4.09%,572,5.97%,59.38%,0.35,5.8
2020-03-24,552,90,52,19.48%,17.11%,35,2,3,6.06%,18.41%,20,2,3.62%,497,6.34%,63.64%,0.32,5.04
2020-03-23,462,82,46,21.58%,18.85%,33,8,3,32%,17.55%,18,1,3.9%,411,7.14%,64.71%,0.3,4.22
2020-03-22,380,73,34,23.78%,15.97%,25,6,2,31.58%,14.27%,17,4,4.47%,338,6.58%,59.52%,0.23,3.47
2020-03-21,307,77,28,33.48%,16.31%,19,1,2,5.56%,15.12%,13,5,4.23%,275,6.19%,59.38%,0.17,2.8
2020-03-20,230,13,24,5.99%,22.02%,18,1,2,5.88%,22.9%,8,0,3.48%,204,7.83%,69.23%,0.16,2.1
2020-03-19,217,15,24,7.43%,24.46%,17,-2,2,-10.53%,43.48%,8,3,3.69%,192,7.83%,68%,0.16,1.98
2020-03-18,202,15,22,8.02%,24.27%,19,7,3,58.33%,59.27%,5,0,2.48%,178,9.41%,79.17%,0.17,1.84
2020-03-17,187,45,22,31.69%,30.05%,12,0,2,0,50.94%,5,3,2.67%,170,6.42%,70.59%,0.11,1.71
2020-03-16,142,2,17,1.43%,34.81%,12,1,2,9.09%,50.94%,2,0,1.41%,128,8.45%,85.71%,0.11,1.3
2020-03-15,140,29,19,26.13%,48.89%,11,3,1,37.5%,49.64%,2,0,1.43%,127,7.86%,84.62%,0.1,1.28
2020-03-14,111,47,15,73.44%,54.68%,8,3,1,60%,44.29%,2,0,1.8%,101,7.21%,80%,0.07,1.01
2020-03-13,64,12,8,23.08%,47.05%,5,3,1,150%,35.71%,2,0,3.13%,57,7.81%,71.43%,0.05,0.58
2020-03-12,52,3,7,6.12%,53.28%,2,1,0,100%,14.29%,2,0,3.85%,48,3.85%,50%,0.02,0.47
2020-03-11,49,16,7,48.48%,52.4%,1,0,0,0,0,2,0,4.08%,46,2.04%,33.33%,0.01,0.45
2020-03-10,33,13,4,65%,45.48%,1,0,0,0,0,2,1,6.06%,30,3.03%,33.33%,0.01,0.3
2020-03-09,20,10,2,100%,36.19%,1,0,0,0,0,1,0,5%,18,5%,50%,0.01,0.18
2020-03-08,10,4,1,66.67%,21.91%,1,0,0,0,0,1,0,10%,8,10%,50%,0.01,0.09
2020-03-07,6,1,0,20%,12.38%,1,0,0,0,0,1,0,16.67%,4,16.67%,50%,0.01,0.05
2020-03-06,5,2,0,66.67%,9.52%,1,0,0,0,0,1,0,20%,3,20%,50%,0.01,0.05
2020-03-05,3,0,0,0,0,1,0,0,0,0,1,0,33.33%,1,33.33%,50%,0.01,0.03
2020-03-04,3,0,0,0,0,1,0,0,0,0,1,0,33.33%,1,33.33%,50%,0.01,0.03
2020-03-03,3,0,0,0,0,1,0,0,0,0,1,0,33.33%,1,33.33%,50%,0.01,0.03
2020-03-02,3,0,0,0,0,1,0,0,0,0,1,0,33.33%,1,33.33%,50%,0.01,0.03
2020-03-01,3,0,0,0,0,1,0,0,0,0,1,0,33.33%,1,33.33%,50%,0.01,0.03
2020-02-29,3,0,0,0,0,1,0,0,0,0,1,0,33.33%,1,33.33%,50%,0.01,0.03
2020-02-28,3,0,0,0,0,1,0,0,0,0,1,0,33.33%,1,33.33%,50%,0.01,0.03
2020-02-27,3,0,0,0,0,1,0,0,0,0,1,0,33.33%,1,33.33%,50%,0.01,0.03
2020-02-26,3,0,0,0,0,1,0,0,0,0,1,0,33.33%,1,33.33%,50%,0.01,0.03
2020-02-25,3,0,0,0,0,1,0,0,0,0,1,0,33.33%,1,33.33%,50%,0.01,0.03
2020-02-24,3,0,0,0,0,1,0,0,0,0,1,0,33.33%,1,33.33%,50%,0.01,0.03
2020-02-23,3,0,0,0,0,1,0,0,0,0,1,0,33.33%,1,33.33%,50%,0.01,0.03
2020-02-22,3,0,0,0,0,1,0,0,0,0,1,0,33.33%,1,33.33%,50%,0.01,0.03
2020-02-21,3,0,0,0,0,1,0,0,0,0,1,0,33.33%,1,33.33%,50%,0.01,0.03
2020-02-20,3,0,0,0,0,1,0,0,0,0,1,0,33.33%,1,33.33%,50%,0.01,0.03
2020-02-19,3,0,0,0,0,1,0,0,0,0,1,0,33.33%,1,33.33%,50%,0.01,0.03
2020-02-18,3,0,0,0,0,1,0,0,0,0,1,0,33.33%,1,33.33%,50%,0.01,0.03
2020-02-17,3,0,0,0,0,1,0,0,0,0,1,0,33.33%,1,33.33%,50%,0.01,0.03
2020-02-16,3,0,0,0,0,1,0,0,0,0,1,0,33.33%,1,33.33%,50%,0.01,0.03
2020-02-15,3,0,0,0,0,1,0,0,0,0,1,0,33.33%,1,33.33%,50%,0.01,0.03
2020-02-14,3,0,0,0,0,1,0,0,0,0,1,0,33.33%,1,33.33%,50%,0.01,0.03
2020-02-13,3,0,0,0,7.14%,1,0,0,0,0,1,0,33.33%,1,33.33%,50%,0.01,0.03
2020-02-12,3,0,0,0,7.14%,1,0,0,0,0,1,1,33.33%,1,33.33%,50%,0.01,0.03
2020-02-11,3,0,0,0,7.14%,1,0,0,0,0,0,0,0%,2,33.33%,100%,0.01,0.03
2020-02-10,3,0,0,0,7.14%,1,0,0,0,0,0,0,0%,2,33.33%,100%,0.01,0.03
2020-02-09,3,0,0,0,7.14%,1,0,0,0,0,0,0,0%,2,33.33%,100%,0.01,0.03
2020-02-08,3,0,0,0,21.43%,1,0,0,0,0,0,0,0%,2,33.33%,100%,0.01,0.03
2020-02-07,3,1,0,50%,21.43%,1,0,0,0,0,0,0,0%,2,33.33%,100%,0.01,0.03
2020-02-06,2,0,0,0,14.29%,1,0,0,0,0,0,0,0%,1,50%,100%,0.01,0.02
2020-02-05,2,0,0,0,14.29%,1,0,0,0,0,0,0,0%,1,50%,100%,0.01,0.02
2020-02-04,2,0,0,0,16.67%,1,0,0,0,0,0,0,0%,1,50%,100%,0.01,0.02
2020-02-03,2,0,0,0,20%,1,0,0,0,0,0,0,0%,1,50%,100%,0.01,0.02
2020-02-02,2,1,1,100%,25%,1,1,0,0,0,0,0,0%,1,50%,100%,0.01,0.02
2020-02-01,1,0,0,0,0,0,0,0,0,0,0,0,0%,1,0%,0,0,0.01
2020-01-31,1,0,1,0,0,0,0,0,0,0,0,0,0%,1,0%,0,0,0.01
2020-01-30,1,1,1,0,0,0,0,0,0,0,0,0,0%,1,0%,0,0,0.01
